index,label,rmse
0,M,0.7268256487417799
1,F,0.6986828920562432
